Num_Satelites,Num_Telescopios,Detectores_Necesarios,ID_Detector,Tipo_Telescopio,Altura_km,Diametro_Pupila_mm,Swath_Requerido_km,Dias_Cobertura,Swath_Real_Sistema_km,Excedente_Swath_km,Excedente_Swath_porc,Inclinacion_SSO_deg,LTAN_h,Desfase_Anomalia_Verdadera_deg,MTF_a_Nyquist_lambda2,SNR_lambda3,Longitud_Focal_m,Relacion_Focal_f_num,Masa_Instrumento_kg,Longitud_Instrumento_m,Area_Instrumento_m2,Volumen_Instrumento_m3,Potencia_Electrica_Instrumento_W,Masa_Seca_Satelite_kg,Masa_Combustible_kg,Masa_Total_Satelite_kg,Masa_Total_Constelacion_kg,Num_Impulsos_Mantenimiento,DeltaV_Total_ms,Masa_Seca_TM_kg,Masa_Seca_SEOSAT_kg,Longitud_Satelite_m,Area_Satelite_m2,Volumen_Satelite_m3,Estandar_U
2,2,2,2,Refractivo,520,28,170,6.55908966064453,327.68,157.68,92.7529411764706,97.4778412093475,6,180,0.250243397131858,717.036741353436,0.117,4.17857142857143,0.3342192,0.091,0.008722,0.000873964,0.2365328,1.3368768,0.329348448899035,1.66622524889904,3.33245049779807,76,436.005934531939,0.65856,1.1239424,0.256736785017976,0.0659137767813664,0.0169224911392405,16.9224911392405
2,2,1,2,Refractivo,540,30,160,5.35329818725586,163.84,3.84,2.4,97.554441391658,6,180,0.253397956029759,740.434104570814,0.1215,4.05,0.411075,0.0975,0.0100125,0.0010749375,0.290925,1.6443,0.272274229953014,1.91657422995301,3.83314845990603,51,302.53162676061,0.81,1.3824,0.275075126804974,0.0756663253867726,0.0208139240506329,20.8139240506329
2,2,2,2,Refractivo,590,32,180,5.45560646057129,327.68,147.68,82.0444444444445,97.7484390384003,6,180,0.250982252704215,724.131158558174,0.13275,4.1484375,0.4988928,0.104,0.011392,0.001304576,0.3530752,1.9955712,0.30668067030589,2.30225187030589,4.60450374061178,44,282.139120038268,0.98304,1.6777216,0.293413468591972,0.0860914635511724,0.0252603949367089,25.2603949367089
2,2,3,3,Refractivo,520,32,170,6.55908966064453,240,70,41.1764705882353,97.4778412093475,6,180,0.252567957995258,762.366920035409,0.195,6.09375,0.4988928,0.104,0.011392,0.001304576,0.3530752,1.9955712,0.421120178595041,2.41669137859504,4.83338275719008,66,378.636732619841,0.98304,1.6777216,0.293413468591972,0.0860914635511724,0.0252603949367089,25.2603949367089
2,2,2,2,Refractivo,630,34,220,6.00783252716064,327.68,107.68,48.9454545454545,97.9062293991012,6,180,0.250475162057244,721.575876629292,0.14175,4.16911764705882,0.5984034,0.1105,0.0128605,0.0015647905,0.4235006,2.3936136,0.0756335475742534,2.46924714757425,4.93849429514851,9,61.1007907104567,1.17912,2.0123648,0.311751810378971,0.0971891912745657,0.0302989063291139,30.2989063291139
2,2,2,3,Refractivo,540,33,160,5.35329818725586,160,0,0,97.554441391658,6,180,0.251962298079353,757.575814468635,0.2025,6.13636363636364,0.547140825,0.10725,0.012115125,0.0014307418125,0.387221175,2.1885633,0.324579184717051,2.51314248471705,5.0262849694341,46,272.871663352707,1.07811,1.8399744,0.302582639485472,0.0915562537179949,0.0277033329113924,27.7033329113924
2,2,2,2,Refractivo,680,37,230,4.80006504058838,327.68,97.68,42.4695652173913,98.1067457443514,6,180,0.251308511131319,728.85094640854,0.153,4.13513513513514,0.771191925,0.12025,0.015230125,0.0020166225625,0.545786075,3.0847677,0.0924690798170772,3.17723677981708,6.35447355963415,8,58.0060629114523,1.51959,2.5934336,0.339259323059468,0.115096888282769,0.0390476924050633,39.0476924050633
2,2,3,3,Refractivo,590,36,180,5.45560646057129,240,60,33.3333333333333,97.7484390384003,6,180,0.25182773213786,757.784180678983,0.22125,6.14583333333333,0.7103376,0.117,0.014418,0.001857492,0.5027184,2.8413504,0.384116211099615,3.22546661109961,6.45093322219923,39,250.077856397555,1.39968,2.3887872,0.330090152165969,0.108959508556953,0.0359664607594937,35.9664607594937
2,2,2,2,Refractivo,690,38,210,5.44989204406738,327.68,117.68,56.0380952380952,98.1472897950453,6,180,0.252525753867215,737.998946206156,0.15525,4.08552631578947,0.8354262,0.1235,0.0160645,0.0021845915,0.5912458,3.3417048,0.0758262455375066,3.41753104553751,6.83506209107501,6,44.0515142232362,1.64616,2.8094464,0.348428493952967,0.121402415398333,0.0423000607594937,42.3000607594937
2,2,2,2,Refractivo,700,38,190,6.65614986419678,327.68,137.68,72.4631578947368,98.1879816336059,6,180,0.251073010381372,727.680432147287,0.1575,4.14473684210526,0.8354262,0.1235,0.0160645,0.0021845915,0.5912458,3.3417048,0.0767734037375205,3.41847820373752,6.83695640747504,6,44.5961206783031,1.64616,2.8094464,0.348428493952967,0.121402415398333,0.0423000607594937,42.3000607594937
2,2,3,3,Refractivo,630,38,220,6.00783252716064,240,20,9.09090909090909,97.9062293991012,6,180,0.250815241875911,750.095922475344,0.23625,6.2171052631579,0.8354262,0.1235,0.0160645,0.0021845915,0.5912458,3.3417048,0.0937107978582615,3.43541559785826,6.87083119571652,8,54.3118139648504,1.64616,2.8094464,0.348428493952967,0.121402415398333,0.0423000607594937,42.3000607594937
2,2,2,2,Refractivo,740,40,250,6.54225254058838,327.68,77.68,31.072,98.3522342969868,6,180,0.25063741542458,725.603847405991,0.1665,4.1625,0.9744,0.13,0.0178,0.002548,0.6896,3.8976,0.0155121676120102,3.91311216761201,7.82622433522402,1,7.79186485231548,1.92,3.2768,0.366766835739966,0.134517911798707,0.0493367088607595,49.3367088607595
2,2,2,2,Refractivo,750,41,180,5.3484525680542,327.68,147.68,82.0444444444445,98.3936706563978,6,180,0.251781520197249,734.122486198497,0.16875,4.11585365853659,1.049322225,0.13325,0.018701125,0.0027439173125,0.742623775,4.1972889,0.0168957010162176,4.21418460101622,8.42836920203244,1,7.88069638064189,2.06763,3.5287552,0.375936006633465,0.141327881083516,0.0531302392405063,53.1302392405063
2,2,2,2,Refractivo,760,41,250,4.14941835403442,327.68,77.68,31.072,98.4352570432563,6,180,0.250435590302341,724.683737990717,0.171,4.17073170731707,1.049322225,0.13325,0.018701125,0.0027439173125,0.742623775,4.1972889,0.0170856833284388,4.21437458332844,8.42874916665688,1,7.96914676024426,2.06763,3.5287552,0.375936006633465,0.141327881083516,0.0531302392405063,53.1302392405063
3,1,1,2,Refractivo,760,41,120,5.34586668014526,163.84,43.84,36.5333333333333,98.4352570432563,6,120,0.250435590302341,724.683737990717,0.171,4.17073170731707,0.69954815,0.13325,0.018701125,0.0027439173125,0.742623775,2.7981926,0.0113904555522926,2.80958305555229,8.42874916665688,1,7.96914676024426,2.06763,3.5287552,0.32841035138597,0.107853358897457,0.0354201594936709,35.4201594936709
2,2,2,1,Refractivo,520,39,170,6.55908966064453,192,22,12.9411764705882,97.4778412093475,6,180,0.251411725869241,705.969873175775,0.0975,2.5,0.903131775,0.12675,0.016921125,0.0023616376875,0.639162225,3.6125271,0.61360174257971,4.22612884257971,8.45225768515942,54,309.793690325325,1.77957,3.0371328,0.357597664846466,0.127876089903646,0.0457281911392405,45.7281911392405
2,2,3,3,Refractivo,680,41,230,4.80006504058838,240,10,4.34782608695652,98.1067457443514,6,180,0.250781058108451,751.161115043794,0.255,6.21951219512195,1.049322225,0.13325,0.018701125,0.0027439173125,0.742623775,4.1972889,0.109905173717349,4.30719407371735,8.6143881474347,7,50.7553050475208,2.06763,3.5287552,0.375936006633465,0.141327881083516,0.0531302392405063,53.1302392405063
2,2,2,1,Refractivo,540,40,160,5.35329818725586,192,32,20,97.554441391658,6,180,0.250573071861651,697.720059891345,0.10125,2.53125,0.9744,0.13,0.0178,0.002548,0.6896,3.8976,0.472189434795454,4.36978943479545,8.73957886959091,38,225.415721900063,1.92,3.2768,0.366766835739966,0.134517911798707,0.0493367088607595,49.3367088607595
2,2,1,2,Refractivo,770,42,160,6.54184055328369,163.84,3.84,2.4,98.4769938343495,6,180,0.251557128660106,733.01206896604,0.17325,4.125,1.1279898,0.1365,0.0196245,0.0029496285,0.7982982,4.5119592,0.0185699533410378,4.53052915334104,9.06105830668207,1,8.05721799172443,2.22264,3.7933056,0.385105177526964,0.148305997758074,0.0571134075949367,57.1134075949367
2,2,2,2,Refractivo,780,42,220,3.60335659980774,327.68,107.68,48.9454545454545,98.5188814074924,6,180,0.250243397131858,723.834256048707,0.1755,4.17857142857143,1.1279898,0.1365,0.0196245,0.0029496285,0.7982982,4.5119592,0.0187724488789972,4.530731648879,9.06146329775799,1,8.14491206267576,2.22264,3.7933056,0.385105177526964,0.148305997758074,0.0571134075949367,57.1134075949367
2,2,3,3,Refractivo,700,42,190,6.65614986419678,240,50,26.3157894736842,98.1879816336059,6,180,0.250348115765543,747.995008679212,0.2625,6.25,1.1279898,0.1365,0.0196245,0.0029496285,0.7982982,4.5119592,0.086233531727889,4.59819273172789,9.19638546345578,5,37.1634338985859,2.22264,3.7933056,0.385105177526964,0.148305997758074,0.0571134075949367,57.1134075949367
2,2,3,3,Refractivo,690,42,210,5.44989204406738,240,30,14.2857142857143,98.1472897950453,6,180,0.2516162899212,758.681507495095,0.25875,6.16071428571428,1.1279898,0.1365,0.0196245,0.0029496285,0.7982982,4.5119592,0.10238035572574,4.61433955572574,9.22867911145148,6,44.0515142232362,2.22264,3.7933056,0.385105177526964,0.148305997758074,0.0571134075949367,57.1134075949367
2,2,2,2,Refractivo,790,43,210,6.00418567657471,327.68,117.68,56.0380952380952,98.5609201415361,6,180,0.251343199891708,731.98092579695,0.17775,4.13372093023256,1.210494075,0.13975,0.020570125,0.0031653724375,0.856687925,4.8419763,0.0203619030797949,4.86233820307979,9.72467640615959,1,8.23223094783316,2.38521,4.0707584,0.394274348420463,0.155452261822381,0.0612908392405063,61.2908392405063
3,1,1,2,Refractivo,810,44,140,5.34564685821533,163.84,23.84,17.0285714285714,98.64545261296,6,120,0.251139018844983,731.023129065568,0.18225,4.14204545454546,0.8646176,0.143,0.021538,0.003391388,0.9178576,3.4584704,0,3.4584704,10.3754112,0,0,2.55552,4.3614208,0.352440377097139,0.124214219408374,0.0437781063291139,43.7781063291139
2,2,2,2,Refractivo,820,45,210,5.34282684326172,327.68,117.68,56.0380952380952,98.6879471132967,6,180,0.252170531352536,738.808261605953,0.1845,4.1,1.387378125,0.14625,0.022528125,0.0036279140625,0.981871875,5.5495125,0,5.5495125,11.099025,0,0,2.73375,4.6656,0.412612690207461,0.170249232120238,0.0702469936708861,70.2469936708861
2,2,3,3,Refractivo,750,45,180,5.3484525680542,240,60,33.3333333333333,98.3936706563978,6,180,0.250348115765543,749.337155674859,0.28125,6.25,1.387378125,0.14625,0.022528125,0.0036279140625,0.981871875,5.5495125,0.0223389207223173,5.57185142072232,11.1437028414446,1,7.88069638064189,2.73375,4.6656,0.412612690207461,0.170249232120238,0.0702469936708861,70.2469936708861
2,2,2,1,Refractivo,590,44,180,5.45560646057129,192,12,6.66666666666667,97.7484390384003,6,180,0.251030481747856,703.77082879194,0.110625,2.51420454545455,1.2969264,0.143,0.021538,0.003391388,0.9178576,5.1877056,0.56937891674611,5.75708451674611,11.5141690334922,32,205.192087300558,2.55552,4.3614208,0.403443519313962,0.162766673276435,0.0656671594936709,65.6671594936709
2,2,2,2,Refractivo,850,46,260,5.33378267288208,327.68,67.68,26.0307692307692,98.8163482730019,6,180,0.250757351294557,729.306649591797,0.19125,4.15760869565217,1.4819406,0.1495,0.0235405,0.0038751895,1.0487954,5.9277624,0,5.9277624,11.8555248,0,0,2.92008,4.9836032,0.42178186110096,0.17789993835379,0.0750349670886076,75.0349670886076
3,1,2,3,Refractivo,760,46,120,5.34586668014526,160,40,33.3333333333333,98.4352570432563,6,120,0.25111994976435,756.252642291095,0.285,6.19565217391304,0.9879604,0.1495,0.0235405,0.0038751895,1.0487954,3.9518416,0.0160865539042955,3.9679281539043,11.9037844617129,1,7.96914676024426,2.92008,4.9836032,0.368460394237918,0.135763062121962,0.0500233113924051,50.023311392405
2,2,2,2,Refractivo,860,47,200,6.53767251968384,327.68,127.68,63.84,98.859455829952,6,180,0.251752872919635,736.78320519828,0.1935,4.11702127659574,1.580705175,0.15275,0.024575125,0.0041334531875,1.118692825,6.3228207,0,6.3228207,12.6456414,0,0,3.11469,5.3157376,0.430951031994459,0.18571879197709,0.0800357050632911,80.0357050632911
3,1,1,2,Refractivo,860,47,140,5.34461784362793,163.84,23.84,17.0285714285714,98.859455829952,6,120,0.251752872919635,736.78320519828,0.1935,4.11702127659574,1.05380345,0.15275,0.024575125,0.0041334531875,1.118692825,4.2152138,0,4.2152138,12.6456414,0,0,3.11469,5.3157376,0.376470402808308,0.141729964190649,0.0533571367088608,53.3571367088608
3,1,1,2,Refractivo,870,47,140,5.45957946777344,163.84,23.84,17.0285714285714,98.9027176169101,6,120,0.250578726334829,728.53870511591,0.19575,4.16489361702128,1.05380345,0.15275,0.024575125,0.0041334531875,1.118692825,4.2152138,0,4.2152138,12.6456414,0,0,3.11469,5.3157376,0.376470402808308,0.141729964190649,0.0533571367088608,53.3571367088608
2,2,2,3,Refractivo,770,47,160,6.54184055328369,160,0,0,98.4769938343495,6,180,0.251859225472289,762.997725317652,0.28875,6.1436170212766,1.580705175,0.15275,0.024575125,0.0041334531875,1.118692825,6.3228207,0.0260229492728454,6.34884364927284,12.6976872985457,1,8.05721799172443,3.11469,5.3157376,0.430951031994459,0.18571879197709,0.0800357050632911,80.0357050632911
2,2,3,3,Refractivo,780,47,220,3.60335659980774,240,20,9.09090909090909,98.5188814074924,6,180,0.250725783499521,753.380250309259,0.2925,6.22340425531915,1.580705175,0.15275,0.024575125,0.0041334531875,1.118692825,6.3228207,0.0263067157969459,6.34912741579695,12.6982548315939,1,8.14491206267576,3.11469,5.3157376,0.430951031994459,0.18571879197709,0.0800357050632911,80.0357050632911
2,2,3,1,Refractivo,630,47,220,6.00783252716064,288,68,30.9090909090909,97.9062293991012,6,180,0.251054814603588,705.055428713481,0.118125,2.51329787234043,1.580705175,0.15275,0.024575125,0.0041334531875,1.118692825,6.3228207,0.132562917496952,6.45538361749695,12.9107672349939,6,40.7338604736378,3.11469,5.3157376,0.430951031994459,0.18571879197709,0.0800357050632911,80.0357050632911
2,2,3,3,Refractivo,790,48,210,6.00418567657471,240,30,14.2857142857143,98.5609201415361,6,180,0.251457723166102,760.008206595986,0.29625,6.171875,1.6837632,0.156,0.025632,0.004402944,1.1916288,6.7350528,0.0283228342837823,6.76337563428378,13.5267512685676,1,8.23223094783316,3.31776,5.6623104,0.440120202887959,0.193705792990138,0.0852538329113924,85.2538329113924
3,1,1,2,Refractivo,910,49,120,5.34264230728149,163.84,43.84,36.5333333333333,99.077314852791,6,120,0.250243397131858,727.163302017174,0.20475,4.17857142857143,1.19413735,0.15925,0.026711125,0.0046839008125,1.267667975,4.7765494,0,4.7765494,14.3296482,0,0,3.52947,6.0236288,0.392490419949087,0.15404872975181,0.0604626506329114,60.4626506329114
3,1,2,3,Refractivo,810,49,140,5.34564685821533,160,20,14.2857142857143,98.64545261296,6,120,0.251072685832233,757.186716621826,0.30375,6.19897959183673,1.19413735,0.15925,0.026711125,0.0046839008125,1.267667975,4.7765494,0,4.7765494,14.3296482,0,0,3.52947,6.0236288,0.392490419949087,0.15404872975181,0.0604626506329114,60.4626506329114
2,2,2,2,Refractivo,920,50,210,6.66610956192017,327.68,117.68,56.0380952380952,99.121353640676,6,180,0.251189186898307,734.222069121994,0.207,4.14,1.903125,0.1625,0.0278125,0.0049765625,1.346875,7.6125,0,7.6125,15.225,0,0,3.75,6.4,0.458458544674957,0.210184237185479,0.0963607594936709,96.3607594936709
2,2,2,2,Refractivo,930,50,240,5.46926307678223,327.68,87.68,36.5333333333333,99.1655490069039,6,180,0.250085814218096,726.548838128535,0.20925,4.185,1.903125,0.1625,0.0278125,0.0049765625,1.346875,7.6125,0,7.6125,15.225,0,0,3.75,6.4,0.458458544674957,0.210184237185479,0.0963607594936709,96.3607594936709
2,2,3,3,Refractivo,820,50,210,5.34282684326172,240,30,14.2857142857143,98.6879471132967,6,180,0.25176852603025,763.551025527821,0.3075,6.15,1.903125,0.1625,0.0278125,0.0049765625,1.346875,7.6125,0,7.6125,15.225,0,0,3.75,6.4,0.458458544674957,0.210184237185479,0.0963607594936709,96.3607594936709
2,2,3,1,Refractivo,680,50,230,4.80006504058838,288,58,25.2173913043478,98.1067457443514,6,180,0.250070026355723,696.10961456976,0.1275,2.55,1.903125,0.1625,0.0278125,0.0049765625,1.346875,7.6125,0.170567918332438,7.78306791833244,15.5661358366649,6,43.5045471835892,3.75,6.4,0.458458544674957,0.210184237185479,0.0963607594936709,96.3607594936709
2,2,2,2,Refractivo,940,51,230,4.26791048049927,327.68,97.68,42.4695652173913,99.2099013468971,6,180,0.251016063851675,733.478997131618,0.2115,4.14705882352941,2.019611475,0.16575,0.028936125,0.0052811679375,1.429314525,8.0784459,0,8.0784459,16.1568918,0,0,3.97953,6.7917312,0.467627715568456,0.218675680367773,0.102258808860759,102.258808860759
3,1,1,2,Refractivo,940,51,130,6.66467332839966,163.84,33.84,26.0307692307692,99.2099013468971,6,120,0.251016063851675,733.478997131618,0.2115,4.14705882352941,1.34640765,0.16575,0.028936125,0.0052811679375,1.429314525,5.3856306,0,5.3856306,16.1568918,0,0,3.97953,6.7917312,0.408510437089866,0.166880777211353,0.0681725392405063,68.1725392405063
2,2,3,1,Refractivo,690,51,210,5.44989204406738,288,78,37.1428571428571,98.1472897950453,6,180,0.250425105807236,700.017201317667,0.129375,2.53676470588235,2.019611475,0.16575,0.028936125,0.0052811679375,1.429314525,8.0784459,0.152495413100259,8.23094131310026,16.4618826262005,5,36.7095951860301,3.97953,6.7917312,0.467627715568456,0.218675680367773,0.102258808860759,102.258808860759
2,2,2,2,Refractivo,950,52,250,3.60205173492432,327.68,77.68,31.072,99.2544110572556,6,180,0.251910989504511,740.269261379977,0.21375,4.11057692307692,2.1407568,0.169,0.030082,0.005597956,1.5150512,8.5630272,0,8.5630272,17.1260544,0,0,4.21824,7.1991296,0.476796886461955,0.227335270939815,0.108392749367089,108.392749367089
2,2,2,2,Refractivo,960,52,250,5.45978546142578,327.68,77.68,31.072,99.2990785357663,6,180,0.250849615125333,732.785402481132,0.216,4.15384615384615,2.1407568,0.169,0.030082,0.005597956,1.5150512,8.5630272,0,8.5630272,17.1260544,0,0,4.21824,7.1991296,0.476796886461955,0.227335270939815,0.108392749367089,108.392749367089
2,2,3,3,Refractivo,860,52,200,6.53767251968384,240,40,20,98.859455829952,6,180,0.251030876383814,758.160210397464,0.3225,6.20192307692308,2.1407568,0.169,0.030082,0.005597956,1.5150512,8.5630272,0,8.5630272,17.1260544,0,0,4.21824,7.1991296,0.476796886461955,0.227335270939815,0.108392749367089,108.392749367089
3,1,1,2,Refractivo,960,52,130,5.33960437774658,163.84,33.84,26.0307692307692,99.2990785357663,6,120,0.250849615125333,732.785402481132,0.216,4.15384615384615,1.4271712,0.169,0.030082,0.005597956,1.5150512,5.7086848,0,5.7086848,17.1260544,0,0,4.21824,7.1991296,0.416520445660255,0.173489281653018,0.0722618329113924,72.2618329113924
3,1,2,3,Refractivo,860,52,140,5.34461784362793,160,20,14.2857142857143,98.859455829952,6,120,0.251030876383814,758.160210397464,0.3225,6.20192307692308,1.4271712,0.169,0.030082,0.005597956,1.5150512,5.7086848,0,5.7086848,17.1260544,0,0,4.21824,7.1991296,0.416520445660255,0.173489281653018,0.0722618329113924,72.2618329113924
3,1,2,3,Refractivo,870,52,140,5.45957946777344,160,20,14.2857142857143,98.9027176169101,6,120,0.250006825616771,749.614269519624,0.32625,6.27403846153846,1.4271712,0.169,0.030082,0.005597956,1.5150512,5.7086848,0,5.7086848,17.1260544,0,0,4.21824,7.1991296,0.416520445660255,0.173489281653018,0.0722618329113924,72.2618329113924
2,2,2,1,Refractivo,700,52,190,6.65614986419678,192,2,1.05263157894737,98.1879816336059,6,180,0.250766580334418,703.82148415073,0.13125,2.52403846153846,2.1407568,0.169,0.030082,0.005597956,1.5150512,8.5630272,0.130700813849283,8.69372801384928,17.3874560276986,4,29.7307471188687,4.21824,7.1991296,0.476796886461955,0.227335270939815,0.108392749367089,108.392749367089
2,2,2,2,Refractivo,970,53,210,5.47057104110718,327.68,117.68,56.0380952380952,99.343904181413,6,180,0.251730712129004,739.457359759716,0.21825,4.11792452830189,2.266652325,0.17225,0.031250125,0.0059271655625,1.604149675,9.0666093,0,9.0666093,18.1332186,0,0,4.46631,7.6225024,0.485966057355454,0.236163008901605,0.114767206329114,114.767206329114
2,2,2,2,Refractivo,980,53,310,2.40154409408569,327.68,17.68,5.70322580645162,99.3888883943858,6,180,0.250689462078569,732.138208361156,0.2205,4.16037735849057,2.266652325,0.17225,0.031250125,0.0059271655625,1.604149675,9.0666093,0,9.0666093,18.1332186,0,0,4.46631,7.6225024,0.485966057355454,0.236163008901605,0.114767206329114,114.767206329114
2,2,2,2,Refractivo,990,54,210,4.26774215698242,327.68,117.68,56.0380952380952,99.4340315760916,6,180,0.251557128660106,738.696109527144,0.22275,4.125,2.3973894,0.1755,0.0324405,0.0062690355,1.6966746,9.5895576,0,9.5895576,19.1791152,0,0,4.72392,8.0621568,0.495135228248954,0.245158894253143,0.121386805063291,121.386805063291
2,2,2,2,Refractivo,1000,54,190,6.00624227523804,327.68,137.68,72.4631578947368,99.4793341291633,6,180,0.250535254178058,731.534583891213,0.225,4.16666666666667,2.3973894,0.1755,0.0324405,0.0062690355,1.6966746,9.5895576,0,9.5895576,19.1791152,0,0,4.72392,8.0621568,0.495135228248954,0.245158894253143,0.121386805063291,121.386805063291
3,1,1,2,Refractivo,990,54,130,6.67440891265869,163.84,33.84,26.0307692307692,99.4340315760916,6,120,0.251557128660106,738.696109527144,0.22275,4.125,1.5982596,0.1755,0.0324405,0.0062690355,1.6966746,6.3930384,0,6.3930384,19.1791152,0,0,4.72392,8.0621568,0.432540462801034,0.187091251960133,0.0809245367088608,80.9245367088607
2,2,3,1,Refractivo,740,55,250,6.54225254058838,288,38,15.2,98.3522342969868,6,180,0.250801765443349,705.202921701509,0.13875,2.52272727272727,2.533059375,0.17875,0.033653125,0.0066238046875,1.792690625,10.1322375,0,10.1322375,20.264475,0,0,4.99125,8.5184,0.504304399142453,0.25432292699443,0.128256170886076,128.256170886076
2,2,3,3,Refractivo,920,55,210,6.66610956192017,240,30,14.2857142857143,99.121353640676,6,180,0.250025439887075,751.086448099009,0.345,6.27272727272727,2.533059375,0.17875,0.033653125,0.0066238046875,1.792690625,10.1322375,0,10.1322375,20.264475,0,0,4.99125,8.5184,0.504304399142453,0.25432292699443,0.128256170886076,128.256170886076
3,1,2,3,Refractivo,910,55,120,5.34264230728149,160,40,33.3333333333333,99.077314852791,6,120,0.250993628720142,759.165560877443,0.34125,6.20454545454545,1.68870625,0.17875,0.033653125,0.0066238046875,1.792690625,6.754825,0,6.754825,20.264475,0,0,4.99125,8.5184,0.440550471371424,0.194084717825584,0.0855041139240507,85.5041139240506
2,2,2,1,Refractivo,750,56,180,5.3484525680542,192,12,6.66666666666667,98.3936706563978,6,180,0.25111217163408,708.722788095625,0.140625,2.51116071428571,2.6737536,0.182,0.034888,0.006991712,1.8922624,10.6950144,0,10.6950144,21.3900288,0,0,5.26848,8.9915392,0.513473570035952,0.263655107125466,0.135379929113924,135.379929113924
2,2,3,3,Refractivo,930,56,240,5.46926307678223,240,0,0,99.1655490069039,6,180,0.250665081944165,756.843198618605,0.34875,6.22767857142857,2.6737536,0.182,0.034888,0.006991712,1.8922624,10.6950144,0,10.6950144,21.3900288,0,0,5.26848,8.9915392,0.513473570035952,0.263655107125466,0.135379929113924,135.379929113924
2,2,3,1,Refractivo,760,56,250,4.14941835403442,288,38,15.2,98.4352570432563,6,180,0.250213742332724,699.594613649947,0.1425,2.54464285714286,2.6737536,0.182,0.034888,0.006991712,1.8922624,10.6950144,0.043535633020518,10.7385500330205,21.477100066041,1,7.96914676024426,5.26848,8.9915392,0.513473570035952,0.263655107125466,0.135379929113924,135.379929113924
3,1,2,1,Refractivo,760,56,120,5.34586668014526,192,72,60,98.4352570432563,6,120,0.250213742332724,699.594613649947,0.1425,2.54464285714286,1.7825024,0.182,0.034888,0.006991712,1.8922624,7.1300096,0.029023755347012,7.15903335534701,21.477100066041,1,7.96914676024426,5.26848,8.9915392,0.448560479941813,0.20120650416563,0.0902532860759494,90.2532860759493
2,2,3,3,Refractivo,940,57,230,4.26791048049927,240,10,4.34782608695652,99.2099013468971,6,180,0.25128248007198,762.485081397119,0.3525,6.18421052631579,2.819563425,0.18525,0.036145125,0.0073729963125,1.995454575,11.2782537,0,11.2782537,22.5565074,0,0,5.55579,9.4818816,0.522642740929451,0.273155434646249,0.142762705063291,142.762705063291
3,1,2,3,Refractivo,940,57,130,6.66467332839966,160,30,23.0769230769231,99.2099013468971,6,120,0.25128248007198,762.485081397119,0.3525,6.18421052631579,1.87970895,0.18525,0.036145125,0.0073729963125,1.995454575,7.5188358,0,7.5188358,22.5565074,0,0,5.55579,9.4818816,0.456570488512203,0.208456610980271,0.0951751367088608,95.1751367088607
2,2,2,1,Refractivo,770,57,160,6.54184055328369,192,32,20,98.4769938343495,6,180,0.250528940634877,703.110248621879,0.144375,2.53289473684211,2.819563425,0.18525,0.036145125,0.0073729963125,1.995454575,11.2782537,0.0464181158768872,11.3246718158769,22.6493436317538,1,8.05721799172443,5.55579,9.4818816,0.522642740929451,0.273155434646249,0.142762705063291,142.762705063291
2,2,3,1,Refractivo,780,58,220,3.60335659980774,288,68,30.9090909090909,98.5188814074924,6,180,0.250833311170675,706.543236514073,0.14625,2.52155172413793,2.9705802,0.1885,0.0374245,0.0077678965,2.1023318,11.8823208,0,11.8823208,23.7646416,0,0,5.85336,9.9897344,0.53181191182295,0.282823909556781,0.150409124050633,150.409124050633
2,2,3,3,Refractivo,970,58,210,5.47057104110718,240,30,14.2857142857143,99.343904181413,6,180,0.250042128696031,752.535994490086,0.36375,6.27155172413793,2.9705802,0.1885,0.0374245,0.0077678965,2.1023318,11.8823208,0,11.8823208,23.7646416,0,0,5.85336,9.9897344,0.53181191182295,0.282823909556781,0.150409124050633,150.409124050633
3,1,2,3,Refractivo,960,58,130,5.33960437774658,160,30,23.0769230769231,99.2990785357663,6,120,0.250960234867385,760.196796711622,0.36,6.20689655172414,1.9803868,0.1885,0.0374245,0.0077678965,2.1023318,7.9215472,0,7.9215472,23.7646416,0,0,5.85336,9.9897344,0.464580497082592,0.215835038269509,0.100272749367089,100.272749367089
2,2,3,1,Refractivo,790,59,210,6.00418567657471,288,78,37.1428571428571,98.5609201415361,6,180,0.251127402271001,709.896735907738,0.148125,2.51059322033898,3.126895275,0.19175,0.038726125,0.0081766514375,2.212958725,12.5075811,0,12.5075811,25.0151622,0,0,6.16137,10.5154048,0.540981082716449,0.292660531857062,0.158323811392405,158.323811392405
2,2,3,3,Refractivo,990,60,210,4.26774215698242,240,30,14.2857142857143,99.4340315760916,6,180,0.251235751226182,763.397297805516,0.37125,6.1875,3.2886,0.195,0.04005,0.0085995,2.3274,13.1544,0,13.1544,26.3088,0,0,6.48,11.0592,0.550150253609948,0.30266530154709,0.166511392405063,166.511392405063
2,2,3,3,Refractivo,1000,60,190,6.00624227523804,240,50,26.3157894736842,99.4793341291633,6,180,0.250348115765543,755.943279233773,0.375,6.25,3.2886,0.195,0.04005,0.0085995,2.3274,13.1544,0,13.1544,26.3088,0,0,6.48,11.0592,0.550150253609948,0.30266530154709,0.166511392405063,166.511392405063
3,1,2,1,Refractivo,810,60,140,5.34564685821533,192,52,37.1428571428571,98.64545261296,6,120,0.250573071861651,704.572551122839,0.151875,2.53125,2.1924,0.195,0.04005,0.0085995,2.3274,8.7696,0,8.7696,26.3088,0,0,6.48,11.0592,0.480600514223371,0.230976854271769,0.111007594936709,111.007594936709
3,1,2,3,Refractivo,990,60,130,6.67440891265869,160,30,23.0769230769231,99.4340315760916,6,120,0.251235751226182,763.397297805516,0.37125,6.1875,2.1924,0.195,0.04005,0.0085995,2.3274,8.7696,0,8.7696,26.3088,0,0,6.48,11.0592,0.480600514223371,0.230976854271769,0.111007594936709,111.007594936709
2,2,3,1,Refractivo,820,61,210,5.34282684326172,288,78,37.1428571428571,98.6879471132967,6,180,0.250861754410013,707.847856335349,0.15375,2.52049180327869,3.455785725,0.19825,0.041396125,0.0090366810625,2.445720275,13.8231429,0,13.8231429,27.6462858,0,0,6.80943,11.6214272,0.559319424503447,0.312838218626868,0.174976492405063,174.976492405063
2,2,3,1,Refractivo,850,63,260,5.33378267288208,288,28,10.7692307692308,98.8163482730019,6,180,0.250613000846191,705.988522429012,0.159375,2.5297619047619,3.806965575,0.20475,0.044155125,0.0099549961875,2.694256425,15.2278623,0,15.2278623,30.4557246,0,0,7.50141,12.8024064,0.577657766290446,0.333688494955667,0.192757750632911,192.757750632911
2,2,3,1,Refractivo,860,64,200,6.53767251968384,288,88,44,98.859455829952,6,180,0.250887531398954,709.121206116757,0.16125,2.51953125,3.9911424,0.208,0.045568,0.010436608,2.8246016,15.9645696,0,15.9645696,31.9291392,0,0,7.86432,13.4217728,0.586826937183945,0.34436585420469,0.202083159493671,202.083159493671
3,1,2,1,Refractivo,860,64,140,5.34461784362793,192,52,37.1428571428571,98.859455829952,6,120,0.250887531398954,709.121206116757,0.16125,2.51953125,2.6607616,0.208,0.045568,0.010436608,2.8246016,10.6430464,0,10.6430464,31.9291392,0,0,7.86432,13.4217728,0.512640548504929,0.262800331971435,0.134722106329114,134.722106329114
3,1,2,1,Refractivo,870,64,140,5.45957946777344,192,52,37.1428571428571,98.9027176169101,6,120,0.250101463450684,701.170774294691,0.163125,2.548828125,2.6607616,0.208,0.045568,0.010436608,2.8246016,10.6430464,0,10.6430464,31.9291392,0,0,7.86432,13.4217728,0.512640548504929,0.262800331971435,0.134722106329114,134.722106329114
3,1,2,1,Refractivo,910,67,120,5.34264230728149,192,72,60,99.077314852791,6,120,0.250160115907747,702.762945478225,0.170625,2.54664179104478,3.05274445,0.21775,0.049940125,0.0119741269375,3.240721325,12.2109778,0,12.2109778,36.6329334,0,0,9.02289,15.3990656,0.536670574216098,0.288015305229436,0.154569339240506,154.569339240506
2,2,3,1,Refractivo,920,68,210,6.66610956192017,288,78,37.1428571428571,99.121353640676,6,180,0.250425105807236,705.762275276189,0.1725,2.53676470588235,4.7872272,0.221,0.051442,0.012518324,3.3880048,19.1489088,0,19.1489088,38.2978176,0,0,9.43296,16.0989184,0.623503620757941,0.388756765098263,0.242391250632911,242.391250632911
2,2,3,1,Refractivo,930,69,240,5.46926307678223,288,48,20,99.1655490069039,6,180,0.250682444212915,708.703357712561,0.174375,2.52717391304348,5.001549525,0.22425,0.052966125,0.0130787645625,3.539684475,20.0061981,0,20.0061981,40.0123962,0,0,9.85527,16.8196608,0.632672791651441,0.400274861296027,0.253243013924051,253.243013924051
2,2,3,1,Refractivo,940,70,230,4.26791048049927,288,58,25.2173913043478,99.2099013468971,6,180,0.25093245769718,711.588061080959,0.17625,2.51785714285714,5.222175,0.2275,0.0545125,0.0136556875,3.695825,20.8887,0,20.8887,41.7774,0,0,10.29,17.5616,0.64184196254494,0.41196110488354,0.264413924050633,264.413924050633
2,2,3,1,Refractivo,950,70,250,3.60205173492432,288,38,15.2,99.2544110572556,6,180,0.250213742332724,704.301504537665,0.178125,2.54464285714286,5.222175,0.2275,0.0545125,0.0136556875,3.695825,20.8887,0,20.8887,41.7774,0,0,10.29,17.5616,0.64184196254494,0.41196110488354,0.264413924050633,264.413924050633
3,1,2,1,Refractivo,940,70,130,6.66467332839966,192,62,47.6923076923077,99.2099013468971,6,120,0.25093245769718,711.588061080959,0.17625,2.51785714285714,3.48145,0.2275,0.0545125,0.0136556875,3.695825,13.9258,0,13.9258,41.7774,0,0,10.29,17.5616,0.560700599927267,0.314385162758797,0.176275949367089,176.275949367089
2,2,3,1,Refractivo,960,71,250,5.45978546142578,288,38,15.2,99.2990785357663,6,180,0.250466785418851,707.182926095558,0.18,2.53521126760563,5.449194975,0.23075,0.056081125,0.0142493316875,3.856491025,21.7967799,0,21.7967799,43.5935598,0,0,10.73733,18.3250432,0.651011133438439,0.423815495860801,0.275908606329114,275.908606329114
3,1,2,1,Refractivo,960,71,130,5.33960437774658,192,62,47.6923076923077,99.2990785357663,6,120,0.250466785418851,707.182926095558,0.18,2.53521126760563,3.63279665,0.23075,0.056081125,0.0142493316875,3.856491025,14.5311866,0,14.5311866,43.5935598,0,0,10.73733,18.3250432,0.568710608497656,0.323431756217774,0.183939070886076,183.939070886076
2,2,3,1,Refractivo,970,72,210,5.47057104110718,288,78,37.1428571428571,99.343904181413,6,180,0.250712826346032,710.010923238066,0.181875,2.52604166666667,5.6827008,0.234,0.057672,0.014859936,4.0217472,22.7308032,0,22.7308032,45.4616064,0,0,11.19744,19.1102976,0.660180304331938,0.43583803422781,0.287731686075949,287.731686075949
2,2,3,1,Refractivo,990,73,210,4.26774215698242,288,78,37.1428571428571,99.4340315760916,6,180,0.250262962216291,705.79248863811,0.185625,2.54280821917808,5.922783825,0.23725,0.059285125,0.0154877393125,4.191658175,23.6911353,0,23.6911353,47.3822706,0,0,11.67051,19.9176704,0.669349475225437,0.448028719984568,0.299887788607595,299.887788607595
3,1,2,1,Refractivo,990,73,130,6.67440891265869,192,62,47.6923076923077,99.4340315760916,6,120,0.250262962216291,705.79248863811,0.185625,2.54280821917808,3.94852255,0.23725,0.059285125,0.0154877393125,4.191658175,15.7940902,0,15.7940902,47.3822706,0,0,11.67051,19.9176704,0.584730625638435,0.341909904559516,0.199925192405063,199.925192405063
2,2,2,1,Refractivo,1000,74,190,6.00624227523804,192,2,1.05263157894737,99.4793341291633,6,180,0.250505086271473,708.56579169096,0.1875,2.53378378378378,6.1695354,0.2405,0.0609205,0.0161329805,4.3662886,24.6781416,0,24.6781416,49.3562832,0,0,12.15672,20.7474688,0.678518646118936,0.460387553131074,0.312381539240506,312.381539240506
2,2,2,2,TMA,750,129,180,5.3484525680542,327.68,147.68,82.0444444444445,98.3936706563978,6,180,0.250189180645898,1897.07538583571,0.16875,1.30813953488372,22.379232825,0.41925,0.185131125,0.0854650558125,16.261169175,89.5169313,0,89.5169313,179.0338626,0,0,64.40067,54.9552384,1.04253993108137,1.08688950789914,1.13312571265823,1133.12571265823
2,2,1,2,TMA,770,132,160,6.54184055328369,163.84,3.84,2.4,98.4769938343495,6,180,0.250103911843503,1892.88761694616,0.17325,1.3125,23.9771664,0.429,0.193842,0.091567476,17.4222576,95.9086656,0,95.9086656,191.8173312,0,0,68.99904,58.8791808,1.06678504575768,1.13803033385221,1.21403374177215,1214.03374177215
2,2,2,2,TMA,790,135,210,6.00418567657471,327.68,117.68,56.0380952380952,98.5609201415361,6,180,0.250022434194614,1888.96261431902,0.17775,1.31666666666667,25.649409375,0.43875,0.202753125,0.0979536796875,18.637340625,102.5976375,0,102.5976375,205.195275,0,0,73.81125,62.9856,1.09103016043399,1.19034681097661,1.2987042721519,1298.7042721519
2,2,2,2,TMA,700,120,190,6.65614986419678,327.68,137.68,72.4631578947368,98.1879816336059,6,180,0.250103911843503,1888.21839639826,0.1575,1.3125,26.3088,0.39,0.1602,0.068796,18.6192,105.2352,0.399488701554229,105.634688701554,211.269377403108,1,7.43268677971719,51.84,88.4736,1.1003005072199,1.21066120618836,1.33209113924051,1332.09113924051
2,2,2,2,TMA,820,141,210,5.34282684326172,327.68,117.68,56.0380952380952,98.6879471132967,6,180,0.250181923667127,1901.26161708556,0.1845,1.30851063829787,29.223578925,0.45825,0.221176125,0.1116032360625,21.234399075,116.8943157,0,116.8943157,233.7886314,0,0,84.09663,71.7624576,1.13952038978661,1.29850671873943,1.47967488227848,1479.67488227848
2,2,2,2,TMA,860,147,200,6.53767251968384,327.68,127.68,63.84,98.859455829952,6,180,0.250029085378803,1894.00399810263,0.1935,1.31632653061224,33.115252275,0.47775,0.240400125,0.1264653219375,24.062161725,132.4610091,0,132.4610091,264.9220182,0,0,95.29569,81.3189888,1.18801061913923,1.41136923118758,1.67672163417722,1676.72163417721
3,1,1,2,TMA,910,156,120,5.34264230728149,163.84,43.84,36.5333333333333,99.077314852791,6,120,0.250103911843503,1902.12393415447,0.20475,1.3125,26.3850912,0.507,0.270738,0.151144812,28.7578512,105.5403648,0,105.5403648,316.6210944,0,0,113.89248,97.1882496,1.10136304441886,1.21300055561157,1.33595398481013,1335.95398481013
2,2,2,2,TMA,920,158,210,6.66610956192017,327.68,117.68,56.0380952380952,99.121353640676,6,180,0.250150323787095,1905.79620687442,0.207,1.31012658227848,41.1194526,0.5135,0.2777245,0.1570329215,29.8781634,164.4778104,0,164.4778104,328.9556208,0,0,118.32936,100.9743872,1.27690937295237,1.63049754673362,2.0819976,2081.9976
2,2,2,2,TMA,930,159,240,5.46926307678223,327.68,87.68,36.5333333333333,99.1655490069039,6,180,0.250034732617988,1898.94930166455,0.20925,1.31603773584906,41.905153575,0.51675,0.281251125,0.1600334701875,30.449068425,167.6206143,0,167.6206143,335.2412286,0,0,120.59037,102.9037824,1.28499107784447,1.6512020701399,2.1217799278481,2121.7799278481
2,2,2,2,TMA,940,161,230,4.26791048049927,327.68,97.68,42.4695652173913,99.2099013468971,6,180,0.250081138446792,1902.60727499684,0.2115,1.31366459627329,43.506454425,0.52325,0.288371125,0.1661487498125,31.612603575,174.0258177,0,174.0258177,348.0516354,0,0,125.19843,106.8359936,1.30115448762868,1.69300300067626,2.20285845189873,2202.85845189873
3,1,1,2,TMA,940,161,130,6.66467332839966,163.84,33.84,26.0307692307692,99.2099013468971,6,120,0.250081138446792,1902.60727499684,0.2115,1.31366459627329,29.00430295,0.52325,0.288371125,0.1661487498125,31.612603575,116.0172118,0,116.0172118,348.0516354,0,0,125.19843,106.8359936,1.13666314199638,1.29200309837309,1.46857230126582,1468.57230126582
2,2,2,2,TMA,950,163,250,3.60205173492432,327.68,77.68,31.072,99.2544110572556,6,180,0.250126405919136,1906.2013119007,0.21375,1.31134969325153,45.148037475,0.52975,0.295580125,0.1724178649375,32.805408525,180.5921499,0,180.5921499,361.1842998,0,0,129.92241,110.8671232,1.31731789741289,1.73532644284431,2.28597658101266,2285.97658101266
2,2,2,2,TMA,960,164,250,5.45978546142578,327.68,77.68,31.072,99.2990785357663,6,180,0.250014485230636,1899.59272094907,0.216,1.31707317073171,45.9840912,0.533,0.299218,0.175610708,33.4129008,183.9363648,0,183.9363648,367.8727296,0,0,132.32832,112.9201664,1.32539960230499,1.75668410579023,2.32830841518987,2328.30841518987
3,1,1,2,TMA,960,164,130,5.33960437774658,163.84,33.84,26.0307692307692,99.2990785357663,6,120,0.250014485230636,1899.59272094907,0.216,1.31707317073171,30.6560608,0.533,0.299218,0.175610708,33.4129008,122.6242432,0,122.6242432,367.8727296,0,0,132.32832,112.9201664,1.1578432005429,1.34060087704343,1.55220561012658,1552.20561012658
2,2,2,2,TMA,970,166,210,5.47057104110718,327.68,117.68,56.0380952380952,99.343904181413,6,180,0.250059737040976,1903.17265209975,0.21825,1.31475903614458,47.6870358,0.5395,0.3065605,0.1821141595,34.6502922,190.7481432,0,190.7481432,381.4962864,0,0,137.22888,117.1019776,1.3415630120892,1.79979131540584,2.41453345822785,2414.53345822785
2,2,2,2,TMA,990,170,210,4.26774215698242,327.68,117.68,56.0380952380952,99.4340315760916,6,180,0.250147047635053,1910.15315364413,0.22275,1.31029411764706,51.218025,0.5525,0.3215125,0.1955988125,37.215975,204.8721,0,204.8721,409.7442,0,0,147.39,125.7728,1.37388983165761,1.88757326953219,2.59331772151899,2593.31772151899
3,1,1,2,TMA,990,170,130,6.67440891265869,163.84,33.84,26.0307692307692,99.4340315760916,6,120,0.250147047635053,1910.15315364413,0.22275,1.31029411764706,34.14535,0.5525,0.3215125,0.1955988125,37.215975,136.5814,0,136.5814,409.7442,0,0,147.39,125.7728,1.20020331763593,1.4404880036643,1.72887848101266,1728.87848101266
2,2,2,2,TMA,1000,171,190,6.00624227523804,327.68,137.68,72.4631578947368,99.4793341291633,6,180,0.250039587267577,1903.81223392417,0.225,1.31578947368421,52.127199675,0.55575,0.325306125,0.1990709004375,37.876598325,208.5087987,0,208.5087987,417.0175974,0,0,150.00633,128.0054016,1.38197153654972,1.90984532783359,2.63935188227848,2639.35188227848
